{
    "naver": {
        "clientID": "KHxbckxDqrTRCp4SXOzr",
        "clientSecret": "IERRtaZC6X",
        "callbackURL": "/login/naver/callback"
    }, "facebook": {
        "clientID": "",
        "clientSecret": "",
        "callbackURL": "/login/facebook/callback"
    }, "google": {
        "clientID": "829710109082-qlbbirbrpumo7i2bufhu18d61u39re5c.apps.googleusercontent.com",
        "clientSecret": "NCUEwaJK_XiJt4Irp2c0G487",
        "callbackURL": "/login/google/callback"
    }, "twitter": {
        "consumerKey": "",
        "consumerSecret": "",
        "callbackURL": "/login/twitter/callback"
    }, "kakao": {
        "clientID": "34b5309ba3d02b84ba8132570699901f",
        "callbackURL": "/login/kakao/callback"
    }
}